{"cameraMode":{"drawMode":0,"name":"Shaded","section":"Shading Mode"},"sceneLighting":false,"audioPlay":false,"sceneViewState":{"m_AlwaysRefresh":false,"showFog":true,"showSkybox":false,"showFlares":true,"showImageEffects":true,"showParticleSystems":true,"showVisualEffectGraphs":true,"m_FxEnabled":true},"in2DMode":false,"pivot":{"x":-0.18989884853363038,"y":1.0951110124588013,"z":-0.434780478477478},"rotation":{"x":-0.11258102208375931,"y":0.8702885508537293,"z":-0.23413634300231934,"w":-0.41846656799316409},"size":1.4686764478683472,"orthographic":false}