{"cameraMode":{"drawMode":0,"name":"Shaded","section":"Shading Mode"},"sceneLighting":true,"audioPlay":false,"sceneViewState":{"m_AlwaysRefresh":false,"showFog":true,"showSkybox":true,"showFlares":true,"showImageEffects":true,"showParticleSystems":true,"showVisualEffectGraphs":true,"m_FxEnabled":true},"in2DMode":false,"pivot":{"x":-4.8493733406066898,"y":3.6931729316711427,"z":3.8607585430145265},"rotation":{"x":-0.08882448077201843,"y":-0.8920567631721497,"z":0.2005201131105423,"w":-0.39515572786331179},"size":1.1785410642623902,"orthographic":false}