{"cameraMode":{"drawMode":0,"name":"Shaded","section":"Shading Mode"},"sceneLighting":true,"audioPlay":false,"sceneViewState":{"m_AlwaysRefresh":false,"showFog":true,"showSkybox":true,"showFlares":true,"showImageEffects":true,"showParticleSystems":true,"showVisualEffectGraphs":true,"m_FxEnabled":true},"in2DMode":false,"pivot":{"x":-1.1671727895736695,"y":3.4337923526763918,"z":0.6143658757209778},"rotation":{"x":0.20457753539085389,"y":0.4518941044807434,"z":-0.10729870200157166,"w":0.8616695404052734},"size":0.8660253882408142,"orthographic":false}